agent,model,runtime,task,run_id,category,reasoning
mini_swe_sdk,minimax-m2.5,node,express-openapi-clean_architecture-postgres,run_0,logic_error,"The server starts and routes exist, but core article operations crash due to incorrect Postgres schema/queries: the code references an articles.""tagList"" column that was never created (likely should be tag_list or a join table), causing 500s and cascading 422s. Additionally, user endpoints return 404, indicating routing/auth logic mismatches rather than startup failure."
mini_swe_sdk,minimax-m2.5,node,express-openapi-clean_architecture-postgres,run_1,server_startup_failure,"The server never starts in the evaluation environment: npm cannot find /root/package.json and Node cannot find /root/src/index.js (MODULE_NOT_FOUND). This indicates the entrypoint/working-directory or file placement is wrong, causing all API tests to fail due to the backend not running."
mini_swe_sdk,minimax-m2.5,node,express-openapi-clean_architecture-postgres,run_2,logic_error,"The server starts and most endpoints work, but the Unfavorite Article DELETE returns 422 across tests, indicating incorrect business logic/authorization/state handling for that endpoint rather than missing routes or a response schema mismatch."
mini_swe_sdk,minimax-m2.5,node,express-openapi-clean_architecture-postgres-sequelize,run_0,server_startup_failure,"The server fails to start in the test environment because the runtime cannot find /root/package.json and then cannot find the entry point /root/src/index.js (MODULE_NOT_FOUND). This indicates the project files/working directory expected by run.sh are missing or mislocated, causing all API tests to fail due to the server not running."
mini_swe_sdk,minimax-m2.5,node,express-openapi-clean_architecture-postgres-sequelize,run_1,server_startup_failure,"The server fails to start in the evaluation environment because the startup script runs in /root where package.json and src/index.js are not found (ENOENT and MODULE_NOT_FOUND). With the backend not running, all API tests fail."
mini_swe_sdk,minimax-m2.5,node,express-openapi-clean_architecture-postgres-sequelize,run_2,server_startup_failure,"Server logs show npm cannot find /root/package.json and Node cannot find /root/src/index.js (MODULE_NOT_FOUND), so the server never starts in the evaluation environment. This causes all API tests to fail due to the app not being runnable from the expected working directory/entrypoint."
mini_swe_sdk,minimax-m2.5,node,express-openapi-clean_architecture-sqlite,run_0,server_startup_failure,"Although the agent locally exercised endpoints, the server log shows a fatal SQLite error (SQLITE_CANTOPEN: unable to open database file), which would prevent the API from reliably starting/serving requests in the test environment. This kind of DB path/permissions misconfiguration causes broad request failures across all endpoints."
mini_swe_sdk,minimax-m2.5,node,express-openapi-clean_architecture-sqlite,run_1,server_startup_failure,"Although the server sometimes starts, it crashes with an unhandled SQLite error (SQLITE_CANTOPEN: unable to open database file), preventing the API from reliably serving requests; this would cause widespread test failures. The logs also show EADDRINUSE from repeated starts, indicating unstable startup behavior during testing."
mini_swe_sdk,minimax-m2.5,node,express-openapi-clean_architecture-sqlite-sequelize,run_2,logic_error,"The server starts and most endpoints work, but the specific feature ""GET /api/articles?favorited=:username"" (with and without auth) fails all tests, indicating incorrect favorited-by-username filtering and/or favorited/favoritesCount computation rather than missing routes or response shape issues."
mini_swe_sdk,minimax-m2.5,node,express-openapi-postgres,run_0,logic_error,"The server starts and most endpoints work, but the Favorite Article POST test fails, indicating the endpoint exists yet behaves incorrectly (e.g., not toggling favorited/favoritesCount correctly, mishandling auth/user association, or returning the wrong status/body for favoriting). This is a behavioral bug rather than a missing route or startup issue."
mini_swe_sdk,minimax-m2.5,node,express-openapi-postgres,run_1,server_startup_failure,"Server logs show npm cannot find /root/package.json and Node cannot find /root/index.js, so the service never starts in the evaluator environment. This causes all API tests to fail due to connection/startup issues rather than endpoint logic."
mini_swe_sdk,minimax-m2.5,node,express-openapi-postgres-sequelize,run_1,logic_error,"The server starts and core endpoints work in manual curls, but multiple article-listing variants (by author/tag/favorited) and profile validation tests fail, indicating incorrect query/filtering and/or auth-dependent behavior rather than missing routes or startup issues."
mini_swe_sdk,minimax-m2.5,node,express-openapi-sqlite,run_0,logic_error,"The server starts and core endpoints work, but the specific feature ""GET /api/articles?favorited=:username"" (with and without auth) fails all tests, indicating incorrect favorited-by-username filtering/join logic rather than missing routes or response schema issues."
mini_swe_sdk,minimax-m2.5,node,fastify-openapi-clean_architecture,run_0,logic_error,"The server starts and endpoints exist, but favoriting fails because the POST /favorite handler (or Fastify config) incorrectly requires a JSON body when the spec sends an empty body with Content-Type: application/json, causing Fastify's empty-body JSON parser error (400). The favorited-by filter endpoints return 200 but likely implement incorrect filtering semantics, leading to test assertion failures despite successful status codes."
mini_swe_sdk,minimax-m2.5,node,fastify-openapi-clean_architecture,run_1,logic_error,"The server starts and most endpoints work, but favoriting fails with a 500 due to a JSON parsing error (""Unexpected end of JSON input"") in the request body parser when POSTing /favorite without a body. This indicates incorrect request handling logic/content-type parsing for bodyless requests, causing the favorites feature and related favorited filtering tests to fail."
mini_swe_sdk,minimax-m2.5,node,fastify-openapi-clean_architecture,run_2,logic_error,"The server starts and endpoints exist, but POST /api/articles/:slug/favorite returns 400 because Fastify rejects an empty JSON body when the client sends Content-Type: application/json with no payload. This indicates incorrect request parsing/configuration for that route (it should accept an empty body), causing favoriting-related tests to fail."
mini_swe_sdk,minimax-m2.5,node,fastify-openapi-clean_architecture-postgres,run_0,logic_error,"The server starts and most endpoints exist, but core article query/favorite behaviors are broken: multiple GET /articles variants return 500 (likely repository/service query logic failing for filters like favorited/author/tag), and POST /articles/:slug/favorite returns 400 because Fastify is configured to require a JSON body even though the spec sends an empty body."
mini_swe_sdk,minimax-m2.5,node,fastify-openapi-clean_architecture-postgres,run_1,server_startup_failure,"The server process fails to start in the test environment due to missing project entry files (ENOENT for /root/package.json and MODULE_NOT_FOUND for /root/src/index.js), causing all API requests to fail at the connection/startup stage rather than due to endpoint logic."
mini_swe_sdk,minimax-m2.5,node,fastify-openapi-clean_architecture-postgres,run_2,logic_error,"The server starts and endpoints exist, but favoriting fails because Fastify rejects an empty JSON body on POST /articles/:slug/favorite (400 FST_ERR_CTP_EMPTY_JSON_BODY), indicating incorrect request parsing/config for bodyless POSTs. Additionally, the favorited-by filter returns 200 but likely applies incorrect filtering/serialization, causing the favorited-articles tests to fail."
mini_swe_sdk,minimax-m2.5,node,fastify-openapi-clean_architecture-postgres-sequelize,run_0,logic_error,"The server starts and the favorite/unfavorite endpoints exist, but POST /api/articles/:slug/favorite returns 400 because Fastify rejects an empty JSON body (tests send Content-Type: application/json with no body). This is a behavioral/handler configuration issue (should accept empty body or adjust content-type parsing), and it likely also impacts favorited-by filtering expectations."
mini_swe_sdk,minimax-m2.5,node,fastify-openapi-clean_architecture-postgres-sequelize,run_1,logic_error,"The server starts and endpoints exist, but favoriting fails because Fastify rejects an empty JSON body on POST /articles/:slug/favorite (tests send Content-Type: application/json with no body), causing 400 responses. This is a behavioral/handler issue (should accept empty body or adjust content-type parsing), and it likely also impacts the favorited-by filtering behavior expected by the failing GET tests."
mini_swe_sdk,minimax-m2.5,node,fastify-openapi-clean_architecture-postgres-sequelize,run_2,logic_error,"The server starts and endpoints exist, but the favorite-article POST fails with a Fastify JSON parser error because it requires a non-empty JSON body; the RealWorld spec sends an empty body for this route, so the handler/content-type parsing logic is incorrect. The favorited-by-username article listing tests also fail despite returning 200s, indicating incorrect favorited filtering behavior rather than missing routes or schema-only issues."
mini_swe_sdk,minimax-m2.5,node,fastify-openapi-clean_architecture-sqlite,run_0,server_startup_failure,"All tests failed and the server log shows `sh: 1: ./run.sh: not found`, indicating the harness couldn’t start the Fastify server due to a missing/incorrect entry script. Since the server never launched, every API request would fail at connection time regardless of endpoint correctness."
mini_swe_sdk,minimax-m2.5,node,fastify-openapi-clean_architecture-sqlite,run_1,logic_error,"The server starts and endpoints exist, but key behaviors are incorrect: favoriting via POST fails with Fastify rejecting an empty JSON body (should accept no body), and update/delete operations return 422, indicating request handling/validation logic doesn’t match the RealWorld API expectations."
mini_swe_sdk,minimax-m2.5,node,fastify-openapi-clean_architecture-sqlite,run_2,logic_error,"The server starts and endpoints exist, but POST /api/articles/:slug/favorite returns 400 due to Fastify rejecting an empty JSON body when Content-Type is application/json. This breaks favoriting and cascades into incorrect behavior for the favorited=username article filtering tests."
mini_swe_sdk,minimax-m2.5,node,fastify-openapi-clean_architecture-sqlite-sequelize,run_0,logic_error,"The server starts and endpoints exist, but favoriting an article fails with a Fastify JSON parser error because the POST /favorite request is sent with Content-Type: application/json and an empty body; the implementation incorrectly requires/parses a JSON body for this endpoint, causing 400s and cascading failures in favorited-article queries."
mini_swe_sdk,minimax-m2.5,node,fastify-openapi-clean_architecture-sqlite-sequelize,run_1,logic_error,"The server starts and endpoints exist, but favoriting fails because the POST /articles/:slug/favorite handler (or Fastify config) incorrectly requires a non-empty JSON body; the RealWorld spec sends an empty body, causing Fastify to throw FST_ERR_CTP_EMPTY_JSON_BODY and return 400. The favorited-by-username article listing tests also fail despite 200 responses, indicating incorrect favorited filtering logic (returning the wrong set of articles)."
mini_swe_sdk,minimax-m2.5,node,fastify-openapi-clean_architecture-sqlite-sequelize,run_2,logic_error,"The server starts and endpoints exist, but favoriting fails because Fastify rejects empty JSON bodies (POST /favorite is sent with Content-Type: application/json but no body), causing 400s; additionally, the favorited-by-username filtering behavior likely doesn’t match the spec/tests, leading to many 200 responses with incorrect results."
mini_swe_sdk,minimax-m2.5,node,fastify-openapi-postgres,run_0,logic_error,"The server starts and the favorite endpoints exist, but POST /articles/:slug/favorite returns 400 because Fastify rejects an empty JSON body when the client sends Content-Type: application/json with no payload. This is a behavioral mismatch with the spec/tests (favorite should accept an empty body), causing the favorite-related tests to fail."
mini_swe_sdk,minimax-m2.5,node,fastify-openapi-postgres,run_1,logic_error,"The server starts and endpoints exist, but POST /api/articles/:slug/favorite returns 400 because Fastify rejects an empty JSON body when Content-Type is application/json; this breaks favoriting and cascades into incorrect favorited filtering results for GET /api/articles?favorited=user."
mini_swe_sdk,minimax-m2.5,node,fastify-openapi-postgres,run_2,logic_error,"The server starts and endpoints exist, but favoriting fails because Fastify rejects an empty JSON body on POST /favorite (tests send Content-Type: application/json with no body), causing 400s. Additionally, the favorited-by-username article listing likely has incorrect filtering/serialization despite returning 200, leading to assertion failures."
mini_swe_sdk,minimax-m2.5,node,fastify-openapi-postgres-sequelize,run_0,logic_error,"The server starts and endpoints exist, but key behaviors are incorrect: POST /api/articles/:slug/favorite returns 400 due to Fastify rejecting an empty JSON body (tests likely send Content-Type: application/json with no body), and multiple article listing tests fail despite 200 responses, indicating incorrect filtering/favorited logic rather than missing routes or schema shape."
mini_swe_sdk,minimax-m2.5,node,fastify-openapi-postgres-sequelize,run_1,logic_error,"The server starts and routes exist, but many article/comment GETs return 500 due to incorrect Sequelize association setup/usage (duplicate User↔Article associations without proper `as` aliases, and mismatched alias when including Comment author), causing EagerLoadingError at runtime."
mini_swe_sdk,minimax-m2.5,node,fastify-openapi-postgres-sequelize,run_2,server_startup_failure,"The server never starts in the evaluation environment: npm cannot find /root/package.json and Node cannot find /root/src/index.js, indicating the entrypoint/files are not present at the expected paths (wrong working directory/layout). As a result, all API tests fail because the backend process cannot launch."
mini_swe_sdk,minimax-m2.5,node,fastify-openapi-sqlite,run_0,logic_error,"The server starts and most endpoints work, but key behaviors are incorrect: favoriting expects/validates a JSON body and returns 400 when the spec sends an empty body, and the articles-by-tag query path returns 500, indicating broken request handling/query logic rather than missing routes or startup issues."
mini_swe_sdk,minimax-m2.5,node,fastify-openapi-sqlite,run_1,logic_error,"The server starts and endpoints exist, but POST /api/articles/:slug/favorite fails with Fastify's empty JSON body parser error when the client sends Content-Type: application/json with no body; the handler should accept an empty body for this route. Additionally, the favorited=username filtering likely returns incorrect results (tests expect specific favorited articles), indicating broken favorite/query logic rather than missing routes."
mini_swe_sdk,minimax-m2.5,node,fastify-openapi-sqlite,run_2,logic_error,"The server starts and the relevant endpoints exist, but favoriting fails because Fastify rejects an empty JSON body on POST /api/articles/:slug/favorite (tests send Content-Type: application/json with no body). This is a behavioral/handler configuration issue (should accept empty body or adjust content-type parsing), not a missing endpoint or schema mismatch."
mini_swe_sdk,minimax-m2.5,node,fastify-openapi-sqlite-sequelize,run_0,logic_error,"The server starts and endpoints exist, but POST /api/articles/:slug/favorite returns 400 because Fastify rejects an empty JSON body when Content-Type is application/json; the RealWorld spec sends no body for favorite/unfavorite, so the handler/parsing configuration is incorrect. The favorited-by filter endpoints return 200 but fail assertions, indicating incorrect favorited filtering logic or response computation (e.g., join/query for favorites not applied correctly)."
mini_swe_sdk,minimax-m2.5,node,fastify-openapi-sqlite-sequelize,run_1,logic_error,"The server starts and the favorite endpoints exist, but POST /api/articles/:slug/favorite returns 400 because Fastify rejects an empty JSON body when the client sends Content-Type: application/json with no payload. This indicates incorrect request parsing/configuration for that route (it should accept an empty body), causing downstream failures in favoriting-related article queries."
mini_swe_sdk,minimax-m2.5,node,fastify-openapi-sqlite-sequelize,run_2,logic_error,"The server starts and most endpoints respond, but key behaviors are incorrect: favoriting fails because Fastify rejects empty JSON bodies (tests send Content-Type: application/json with no body), and tag-based article queries return 500, indicating broken request handling/query logic rather than missing routes or startup issues."
mini_swe_sdk,minimax-m2.5,node,fastify-openapi-unconstrained,run_0,logic_error,"The server starts and endpoints respond, but key behaviors are incorrect: favoriting/following POST routes reject empty JSON bodies (400) when tests send Content-Type: application/json with no payload, and article listing filters like `author`/`favorited` appear to return 200 with wrong results, causing the author/favorited query tests to fail."
mini_swe_sdk,minimax-m2.5,node,fastify-openapi-unconstrained,run_1,logic_error,"The server starts and endpoints exist, but the favorite-article POST fails with Fastify's empty JSON body parser error (400) because the implementation requires a JSON body even though the spec/tests send an empty body. Favorited-by filtering tests also fail, indicating incorrect favorite/favorited query logic despite returning 200 responses."
mini_swe_sdk,minimax-m2.5,node,fastify-openapi-unconstrained,run_2,logic_error,"The server starts and the favorite endpoint exists, but POST /api/articles/:slug/favorite returns 400 because Fastify rejects an empty JSON body when Content-Type is application/json. This indicates incorrect request parsing/configuration for an endpoint that should accept an empty body, causing functional behavior to fail despite the route being implemented."
mini_swe_sdk,minimax-m2.5,node,hono-openapi-clean_architecture-postgres,run_0,incomplete_implementation,"The server starts successfully and responds to basic endpoints (health-check/tags), but multiple required RealWorld endpoints return 404 (e.g., current user, update user), indicating missing/unwired routes/handlers. Additional failures returning 422 on favorites/comments suggest key request handling/validation paths are not fully implemented even where routes exist."
mini_swe_sdk,minimax-m2.5,node,hono-openapi-clean_architecture-postgres,run_2,server_startup_failure,"The server never starts in the evaluation environment: logs show npm cannot find /root/package.json and Node cannot find /root/src/index.js (MODULE_NOT_FOUND). This indicates an incorrect working directory/entrypoint or missing files at runtime, causing all API tests to fail due to the backend not running."
mini_swe_sdk,minimax-m2.5,node,hono-openapi-clean_architecture-postgres-sequelize,run_1,server_startup_failure,"The server fails to start in the test environment due to an incorrect working directory/entrypoint setup: logs show npm cannot find /root/package.json and Node cannot find /root/src/app.js (MODULE_NOT_FOUND). With the app not launching, all API tests consequently fail."
mini_swe_sdk,minimax-m2.5,node,hono-openapi-clean_architecture-sqlite,run_0,schema_format_error,"The server starts and endpoints exist, but key article-related responses appear to omit required fields (e.g., favoritesCount and token in user responses), causing the RealWorld tests for create/get/update/favorite/unfavorite article to fail due to mismatched JSON schema rather than missing routes or startup issues."
mini_swe_sdk,minimax-m2.5,node,hono-openapi-clean_architecture-sqlite,run_1,logic_error,"The server starts and most endpoints work, but the Favorite Article POST test fails, indicating the endpoint exists yet behaves incorrectly (e.g., not persisting the favorite, wrong status/authorization handling, or incorrect favorited/favoritesCount updates) rather than being missing or a startup/format issue."
mini_swe_sdk,minimax-m2.5,node,hono-openapi-clean_architecture-sqlite,run_2,logic_error,"The server starts and most endpoints exist, but specific behaviors are incorrect for updating an article and fetching comments (both with and without login), indicating flawed business logic (e.g., auth handling, slug/update semantics, or comment retrieval rules) rather than missing routes or startup issues."
mini_swe_sdk,minimax-m2.5,node,hono-openapi-clean_architecture-sqlite-sequelize,run_0,logic_error,"The server starts and the favoriting/unfavoriting flow works, but the GET /api/articles?favorited=<username> behavior is incorrect (tests for “Articles Favorited by Username” fail despite 200 responses). This points to broken filtering logic for the favorited query parameter (e.g., not joining favorites by user correctly or not applying the filter at all), rather than missing endpoints or response schema issues."
mini_swe_sdk,minimax-m2.5,node,hono-openapi-postgres,run_0,server_startup_failure,"The server never reaches a running state due to startup-time errors (initially failing to connect to Postgres because it defaulted to a non-existent database, then failing schema initialization because uuid_generate_v4() wasn’t available). The logs show the process exiting during startServer/initDatabase, so all API tests fail as a consequence."
mini_swe_sdk,minimax-m2.5,node,hono-openapi-postgres,run_1,server_startup_failure,"All API tests failed because the server never started in the test environment: logs show npm cannot find /root/package.json and Node cannot find /root/src/index.js (MODULE_NOT_FOUND). This indicates an incorrect working directory/entrypoint or missing files at the expected paths, causing connection-level failures across all endpoints."
mini_swe_sdk,minimax-m2.5,node,hono-openapi-postgres-sequelize,run_0,logic_error,"The server starts successfully and the failing tests are all for Articles GET variants (filters by author/tag/favorited and auth/no-auth), indicating the endpoints exist but return incorrect results. This points to broken query/filtering/favorited-join logic (or incorrect handling of the optional auth context) rather than missing routes or startup issues."
mini_swe_sdk,minimax-m2.5,node,hono-openapi-postgres-sequelize,run_1,logic_error,"The server starts and most endpoints work, but the specific failing test is ""Follow Profile POST → 200"", indicating the follow/unfollow profile behavior is implemented incorrectly (e.g., wrong auth handling, incorrect relationship update, or returning the wrong following state) rather than missing endpoints or a startup/constraint issue."
mini_swe_sdk,minimax-m2.5,node,hono-openapi-sqlite,run_1,logic_error,"The server starts and most endpoints work, but the specific ""Unfavorite Article"" DELETE test fails, indicating the endpoint exists yet performs the wrong state mutation (e.g., not removing the favorite relation, not decrementing favoritesCount, or returning an incorrect favorited status). This is a behavioral bug rather than a missing route or response schema issue."
mini_swe_sdk,minimax-m2.5,node,hono-openapi-sqlite,run_2,logic_error,"The server starts and the unfavorite endpoint exists and returns 200, but the single failing test indicates the unfavorite behavior is incorrect (e.g., favoritesCount/favorited state not updated or user-article favorite row not deleted), which is a functional logic bug rather than missing routes or response schema."
mini_swe_sdk,minimax-m2.5,node,hono-openapi-sqlite-sequelize,run_1,logic_error,"The server starts and routes exist, but the Articles-by-Tag endpoint crashes with a SequelizeDatabaseError because it generates a Postgres-specific JSON containment operator (`@>`) in the WHERE clause. SQLite doesn’t support `@>`, so tag filtering logic is implemented with the wrong SQL/operator for the required sqlite+sequelize stack, causing 500s."
mini_swe_sdk,minimax-m2.5,node,koa-openapi-clean_architecture,run_2,logic_error,"The server starts and most endpoints work, but the test failure is specifically for ""Single Article by slug GET"" returning 422, indicating the route exists but rejects a valid request (likely slug lookup/validation or article retrieval logic) rather than missing endpoints or a response schema mismatch."
mini_swe_sdk,minimax-m2.5,node,koa-openapi-clean_architecture-postgres,run_0,logic_error,"The server starts and the agent’s manual curl checks show the article/profile endpoints exist and return plausibly shaped JSON, yet the official suite reports consistent failures across many article/comment scenarios. This pattern indicates behavioral mismatches (e.g., auth handling, filtering/pagination, slug/tag queries, or state mutations) rather than missing routes or startup issues."
mini_swe_sdk,minimax-m2.5,node,koa-openapi-clean_architecture-postgres,run_1,logic_error,"The server starts and endpoints exist, but core article behaviors fail across create/list/get/update/favorite flows, indicating incorrect business logic (e.g., favoritesCount not updating and likely broken query/filter/pagination/slug handling) rather than missing routes or startup issues."
mini_swe_sdk,minimax-m2.5,node,koa-openapi-clean_architecture-postgres,run_2,incomplete_implementation,"The server starts successfully, but the tests for GET/PUT current user return 404, indicating the required user endpoints (or their route mounting/path) are missing or not reachable under the expected URLs despite other endpoints working."
mini_swe_sdk,minimax-m2.5,node,koa-openapi-clean_architecture-postgres-sequelize,run_0,server_startup_failure,"The server fails to start in the evaluation environment because the entrypoint/files are not found from the working directory: npm cannot locate /root/package.json and Node cannot find /root/src/app.js (MODULE_NOT_FOUND). This prevents any API tests from reaching the running Koa app, leading to widespread failures."
mini_swe_sdk,minimax-m2.5,node,koa-openapi-clean_architecture-postgres-sequelize,run_1,logic_error,"The server starts and nearly all endpoints work, but the Favorite Article POST test fails, indicating the favorite action’s behavior/state mutation is incorrect (e.g., not incrementing favoritesCount or not setting favorited=true for the requesting user) rather than missing routes or malformed JSON."
mini_swe_sdk,minimax-m2.5,node,koa-openapi-clean_architecture-postgres-sequelize,run_2,server_startup_failure,"All API tests failed and the server logs show npm cannot find /root/package.json and Node cannot find /root/src/app.js (MODULE_NOT_FOUND), indicating the service never starts due to an incorrect working directory/entrypoint or missing project files at runtime."
mini_swe_sdk,minimax-m2.5,node,koa-openapi-clean_architecture-sqlite,run_2,logic_error,"The server starts and nearly all endpoints work, but the specific Unfavorite Article DELETE → 200 test fails, indicating the endpoint exists yet does not correctly update state (e.g., not decrementing favoritesCount, not clearing favorited for the requesting user, or mishandling the favorite relationship) despite returning a 200."
mini_swe_sdk,minimax-m2.5,node,koa-openapi-clean_architecture-sqlite-sequelize,run_2,logic_error,"The server starts and core endpoints like user registration and article creation work, but key behaviors fail due to incorrect persistence/model logic (e.g., favoriting triggers SQLITE_ERROR because the Favorites join table schema/model is wrong). The widespread 422s across article/feed/profile/follow/favorite flows indicate request handling/validation is rejecting otherwise valid test requests, pointing to broken endpoint logic rather than missing routes or startup issues."
mini_swe_sdk,minimax-m2.5,node,koa-openapi-postgres,run_1,server_startup_failure,"Server fails to start due to missing project entry files: npm cannot find /root/package.json and Node cannot find /root/src/index.js (MODULE_NOT_FOUND). With the backend not running, all API tests consequently fail."
mini_swe_sdk,minimax-m2.5,node,koa-openapi-postgres-sequelize,run_0,logic_error,"The server starts and routes appear to exist, but all GET /articles variants fail while other basics (health check, startup) work, indicating incorrect query/filter logic (e.g., author/tag/favorited filters, joins, pagination, or auth-conditional fields like favorited/following) rather than missing endpoints or startup issues."
mini_swe_sdk,minimax-m2.5,node,koa-openapi-postgres-sequelize,run_1,logic_error,"The server starts and responds to the health-check, so startup and basic routing work, but all article listing-related GET tests fail (including auth/non-auth variants), indicating the /api/articles query behavior (filters like author/tag/favorited and/or response composition) is implemented incorrectly rather than missing entirely."
mini_swe_sdk,minimax-m2.5,node,koa-openapi-postgres-sequelize,run_2,logic_error,"The server starts and responds to basic endpoints (health-check, tags), but all article-related GET/POST/DELETE tests return HTTP 422, indicating the routes exist yet reject requests due to incorrect validation/parsing of query/path/body parameters (e.g., mishandling optional filters like author/tag/favorited, pagination params, or slug handling) rather than missing endpoints or startup issues."
mini_swe_sdk,minimax-m2.5,node,koa-openapi-sqlite,run_0,logic_error,"The server starts and most endpoints work, but specific behaviors fail: GET articles favorited by username returns 500 (likely a broken favorites-by-user query/join), and follow/unfollow profile tests fail despite the routes existing, indicating incorrect follow state handling or response semantics rather than missing endpoints or schema/format issues."
mini_swe_sdk,minimax-m2.5,node,koa-openapi-sqlite,run_1,logic_error,"The server starts and most endpoints work, but the Articles-by-Tag GET endpoint triggers a runtime SQLite error (""Too many parameter values were provided"") indicating incorrect SQL/query parameter binding logic when filtering by tag, causing 500s instead of valid responses."
mini_swe_sdk,minimax-m2.5,node,koa-openapi-sqlite-sequelize,run_2,logic_error,"The server starts and most endpoints work, but follow/unfollow profile requests return 500 due to incorrect Sequelize query logic: the log shows Sequelize failing to escape a value because a full model instance/object is being used in a WHERE clause instead of a primitive id/username. This is a behavioral bug in the follow relationship implementation rather than missing routes or schema formatting."
mini_swe_sdk,minimax-m2.5,node,koa-openapi-unconstrained,run_2,logic_error,"The server starts and endpoints exist, but the test suite reports widespread 401/422 responses where 200 is expected, indicating broken authentication/token handling and/or request validation logic (e.g., auth middleware rejecting valid tokens or slug/resource lookup failing) rather than missing routes or startup issues."
mini_swe_sdk,minimax-m2.5,uv,aiohttp-openapi-clean_architecture,run_1,logic_error,"The server starts and most endpoints work, but the Favorite Article POST test fails, indicating the endpoint exists yet behaves incorrectly (e.g., not updating favorited/favoritesCount or returning the wrong status/body for the favorite action). This is a functional bug rather than a missing route or schema-wide formatting issue."
mini_swe_sdk,minimax-m2.5,uv,aiohttp-openapi-clean_architecture,run_2,logic_error,"The server starts and routes are present, but the Articles listing endpoints crash with a runtime NameError in data_store.get_articles due to referencing an undefined variable `slug`, causing 500s across multiple GET /articles query variants."
mini_swe_sdk,minimax-m2.5,uv,aiohttp-openapi-clean_architecture-postgres,run_2,logic_error,"The server starts and most endpoints work, but the Update Article PUT endpoint triggers a 500 due to a faulty SQL update implementation: asyncpg raises IndeterminateDatatypeError because the query passes an untyped/NULL parameter ($1) without an explicit cast or proper parameter construction."
mini_swe_sdk,minimax-m2.5,uv,aiohttp-openapi-clean_architecture-postgres-sqlalchemy,run_1,logic_error,"The server starts and endpoints exist, but many requests return 422 and runtime errors occur (e.g., delete_comment tries to int() a path param 'null'), indicating incorrect request parsing/validation and route parameter handling rather than missing endpoints or startup issues."
mini_swe_sdk,minimax-m2.5,uv,aiohttp-openapi-clean_architecture-postgres-sqlalchemy,run_2,server_startup_failure,"The server is not starting due to an incorrect entry point: the runtime attempts to execute `main.py`, but the log shows `python3: can't open file '//main.py': [Errno 2] No such file or directory`, causing all API tests to fail from inability to run the backend."
mini_swe_sdk,minimax-m2.5,uv,aiohttp-openapi-clean_architecture-sqlite,run_1,logic_error,"The server starts and endpoints exist, but the GET /api/articles?favorited=<username> path triggers a SQLite query that references a non-existent column alias/field (fu.username), causing 500s. This indicates incorrect query/join logic for the favorited-by-username filter rather than missing endpoints or schema formatting issues."
mini_swe_sdk,minimax-m2.5,uv,aiohttp-openapi-clean_architecture-sqlite-sqlalchemy,run_0,logic_error,"The server starts and endpoints exist, but requests to feed/profile/follow trigger 500s due to a SQLAlchemy async misuse (MissingGreenlet), indicating database I/O is being attempted from a non-greenlet/non-async context (e.g., using sync engine/session patterns or lazy-loading outside an async session). This is a runtime behavior bug rather than missing routes or response schema issues."
mini_swe_sdk,minimax-m2.5,uv,aiohttp-openapi-clean_architecture-sqlite-sqlalchemy,run_1,logic_error,"The server starts and routes exist, but many requests crash with SQLAlchemy DetachedInstanceError due to accessing lazy-loaded relationships (e.g., follower.following) after the session is closed/detached. This session/ORM lifecycle bug causes widespread 500s and some 422s on article/profile/follow flows despite the API surface being present."
mini_swe_sdk,minimax-m2.5,uv,aiohttp-openapi-postgres,run_0,server_startup_failure,"All API tests failed and the server log shows `python3: can't open file '//main.py'`, indicating the evaluation runner could not find/execute the expected entrypoint. This points to a startup/entrypoint/path misconfiguration (e.g., run.sh `cd /$(dirname ""$0"")` producing an invalid path), so the server never actually started under the test harness."
mini_swe_sdk,minimax-m2.5,uv,aiohttp-openapi-postgres,run_1,logic_error,"The server starts and most endpoints work, but the GET /api/articles query path for filtering by favorited username generates invalid SQL (asyncpg PostgresSyntaxError: unterminated dollar-quoted string near ""$$1""), causing 500s specifically for the favorited-by-username tests."
mini_swe_sdk,minimax-m2.5,uv,aiohttp-openapi-postgres,run_2,logic_error,"The server starts and routes exist, but core request handling is broken: auth-related endpoints return 422/401 and article listing endpoints crash with asyncpg ""another operation is in progress"", indicating incorrect DB connection/pool usage and request validation/auth logic rather than missing endpoints or startup issues."
mini_swe_sdk,minimax-m2.5,uv,aiohttp-openapi-postgres-sqlalchemy,run_0,server_startup_failure,"The server fails to start due to an incorrect entry point/file path: logs show `python3: can't open file '/root/main.py'`, indicating the expected `main.py` is missing or not located where the runtime tries to execute it. As a result, all API tests fail because the backend isn’t actually running/accessible."
mini_swe_sdk,minimax-m2.5,uv,aiohttp-openapi-postgres-sqlalchemy,run_1,logic_error,"The server starts and most endpoints work, but the Update Article PUT tests return 500, indicating a runtime bug in the update-article handler (e.g., slug/ownership checks, tag updates, or DB transaction handling) rather than missing routes or schema-format mismatches."
mini_swe_sdk,minimax-m2.5,uv,aiohttp-openapi-postgres-sqlalchemy,run_2,logic_error,"The server starts and routes respond, but core runtime behavior is broken due to database initialization/migration logic: requests hit SQLAlchemy queries for tables (e.g., ""tags"") that don’t exist, causing 500s. Many 422s also indicate request validation/parsing logic doesn’t match the expected API contract, so even basic auth/article operations fail despite endpoints being present."
mini_swe_sdk,minimax-m2.5,uv,aiohttp-openapi-sqlite,run_2,logic_error,"The server starts and basic endpoints respond, but the implementation likely diverges from the RealWorld API semantics expected by the test suite (e.g., token handling/returning empty token on /api/user, auth/session behavior, and other endpoint behaviors like feeds, filtering, and follow/favorite state). This points to incorrect business logic rather than missing routes or startup issues."
mini_swe_sdk,minimax-m2.5,uv,aiohttp-openapi-sqlite-sqlalchemy,run_2,schema_format_error,"The server starts and most endpoints appear implemented, but the Update User PUT tests fail with HTTP 422, indicating request/response validation is rejecting the payload due to mismatched JSON schema (e.g., required/optional fields, nesting under `user`, or field types) rather than missing routes or core logic."
mini_swe_sdk,minimax-m2.5,uv,aiohttp-openapi-unconstrained,run_1,logic_error,"The server starts and the relevant /api/articles endpoint responds 200, but the tests for filtering articles by author and by favorited username fail, indicating the query-parameter filtering logic (author/favorited handling and/or auth-dependent behavior) is incorrect despite the endpoints existing."
mini_swe_sdk,minimax-m2.5,uv,django-openapi-clean_architecture,run_0,logic_error,"The server starts and most endpoints work, but key behaviors are incorrect: tag filtering triggers a 500 due to using a JSONField `contains` lookup unsupported by the chosen DB backend, and DELETE unfavorite/unfollow return 405 because routing/view method handling is wrong (duplicate URL patterns or missing DELETE handling)."
mini_swe_sdk,minimax-m2.5,uv,django-openapi-clean_architecture,run_1,logic_error,"The server starts and most endpoints work, but key behaviors are incorrect: DELETE /profiles/{username}/follow and PUT /user return 405 (wrong method routing), and filtering articles by tag triggers a 500 due to using a JSONField `contains` lookup unsupported by the current DB backend, indicating flawed query logic/DB feature assumptions rather than missing endpoints."
mini_swe_sdk,minimax-m2.5,uv,django-openapi-clean_architecture-postgres-sqlalchemy,run_0,logic_error,"The server starts and most routes exist (200/201 responses), but several key behaviors are incorrect: Update User returns 405 (wrong method routing/URL mapping), and favorite/comment actions return 422 Unprocessable Entity, indicating request parsing/validation or handler logic is rejecting valid inputs. Comment deletion also hits a 404 with an id of null, suggesting the create-comment response doesn’t return the expected comment id, breaking subsequent operations."
mini_swe_sdk,minimax-m2.5,uv,django-openapi-clean_architecture-postgres-sqlalchemy,run_1,server_startup_failure,"The Django server never successfully starts due to incorrect module import paths (e.g., `ModuleNotFoundError: No module named 'conduit.conduit'`) and even a missing/incorrect manage.py path in logs, causing all API requests/tests to fail before any endpoint logic can run."
mini_swe_sdk,minimax-m2.5,uv,django-openapi-clean_architecture-postgres-sqlalchemy,run_2,logic_error,"The server starts and endpoints exist, but Profile GET returns 500 due to incorrect auth/token handling: a JWT string is being used where a numeric user id is expected (Django ORM filter on id), causing ValueError. This indicates broken request parsing/business logic rather than missing routes or response schema issues."
mini_swe_sdk,minimax-m2.5,uv,django-openapi-clean_architecture-sqlite,run_0,incomplete_implementation,"The server starts, but key endpoints are missing (follow/unfollow returns 404) and the articles-by-tag filter crashes with a 500 due to using a JSONField `contains` lookup unsupported by SQLite, indicating unfinished/incorrect endpoint behavior."
mini_swe_sdk,minimax-m2.5,uv,django-openapi-clean_architecture-sqlite,run_1,server_startup_failure,"The server crashes on startup with `django.core.exceptions.ImproperlyConfigured: Requested setting DEBUG, but settings are not configured`, indicating `DJANGO_SETTINGS_MODULE` is not set (or the wrong entrypoint is used) when starting Django. Because the app never reliably starts, all API tests fail."
mini_swe_sdk,minimax-m2.5,uv,django-openapi-clean_architecture-sqlite,run_2,logic_error,"The server starts and most endpoints work, but the Articles-by-Tag filter triggers a 500 due to using a JSONField `contains` lookup that SQLite doesn’t support. This is an implementation logic/query choice error causing incorrect runtime behavior for tag filtering."
mini_swe_sdk,minimax-m2.5,uv,django-openapi-clean_architecture-sqlite-sqlalchemy,run_0,logic_error,"The server starts and many endpoints exist, but core request handling/auth logic is broken: DRF views are incorrectly mixing Django HttpRequest and DRF Request objects, triggering AssertionError and widespread 500s, while auth-protected routes return 403 due to faulty authentication/permission handling."
mini_swe_sdk,minimax-m2.5,uv,django-openapi-clean_architecture-sqlite-sqlalchemy,run_1,logic_error,"The server starts and routes exist, but core request handling is broken: views assume ORM objects yet receive dicts (e.g., AttributeError: 'dict' object has no attribute 'id'), causing widespread 500s across user/article/profile endpoints. Additionally, the follow/unfollow profile routes return 404, indicating incorrect URL wiring for that behavior rather than a startup or schema-format issue."
mini_swe_sdk,minimax-m2.5,uv,django-openapi-clean_architecture-sqlite-sqlalchemy,run_2,logic_error,"The server starts and most endpoints work, but requests intermittently fail due to SQLAlchemy connection pool exhaustion (QueuePool TimeoutError), causing 422/failed requests on profile/register flows. This indicates incorrect DB session/connection lifecycle management (connections not being returned/closed), leading to runtime behavior failures rather than missing endpoints or schema mismatches."
mini_swe_sdk,minimax-m2.5,uv,django-openapi-postgres,run_0,logic_error,"The server starts and routes exist, but core behavior is broken: many requests return 422/403/500 and logs show database queries failing (e.g., ProgrammingError: relation ""tags"" does not exist), indicating migrations/schema setup and request validation/auth logic are incorrect despite the agent declaring success."
mini_swe_sdk,minimax-m2.5,uv,django-openapi-postgres,run_2,logic_error,"The server starts and core endpoints like user registration, tags, articles, and profile lookup work, but profile follow/unfollow (and dependent flows like comments) crash at runtime because the code assumes every User has an associated Profile; logs show `User.profile.RelatedObjectDoesNotExist: User has no profile`, indicating incorrect state/model handling rather than missing routes or startup issues."
mini_swe_sdk,minimax-m2.5,uv,django-openapi-postgres-sqlalchemy,run_1,constraint_violation,"The task required Postgres + SQLAlchemy, but the verifier reports no SQLAlchemy evidence and the code uses Django ORM/DRF patterns instead. Although some endpoints run, the primary failure is violating the mandated ORM/architecture constraint; additional 405/500s are secondary implementation/logic issues."
mini_swe_sdk,minimax-m2.5,uv,django-openapi-postgres-sqlalchemy,run_2,constraint_violation,"The implementation violates the required stack constraints: the verifier reports no evidence of SQLAlchemy usage (it uses Django ORM/DRF instead), which is a primary failure regardless of runtime behavior. Additionally, the failing test shows a 500 due to a logic bug (request.user being None in serializers), but the dominant issue is the missing required ORM."
mini_swe_sdk,minimax-m2.5,uv,django-openapi-sqlite,run_0,logic_error,"The server starts and most endpoints work, but the Articles-by-Tag filter triggers a 500 due to using a JSONField `contains` lookup that SQLite doesn’t support. This is an incorrect query/filtering implementation for the required sqlite backend, causing runtime failures on GET /api/articles?tag=..."
mini_swe_sdk,minimax-m2.5,uv,django-openapi-sqlite,run_1,logic_error,"The server starts and most endpoints work, but the Articles-by-Tag filter triggers a 500 due to using a JSONField `contains` lookup that SQLite doesn’t support. This is an incorrect query/filtering implementation for the required sqlite backend, causing runtime failures on tag filtering."
mini_swe_sdk,minimax-m2.5,uv,django-openapi-sqlite,run_2,logic_error,"The server starts and most endpoints work, but the Articles-by-Tag filter triggers a 500 because the implementation uses a JSONField `contains` lookup that SQLite doesn’t support (`NotSupportedError: contains lookup is not supported on this database backend`). This is a behavioral/query logic bug specific to tag filtering under the sqlite constraint."
mini_swe_sdk,minimax-m2.5,uv,django-openapi-sqlite-sqlalchemy,run_0,logic_error,"The server starts and most endpoints work, but the Articles-by-Tag filter triggers a 500 due to using Django's JSONField `contains` lookup, which SQLite doesn't support. This is a behavioral/query logic bug specific to the tag filtering implementation rather than missing endpoints or response schema issues."
mini_swe_sdk,minimax-m2.5,uv,django-openapi-sqlite-sqlalchemy,run_1,logic_error,"The server starts and most endpoints work, but filtering articles by tag triggers a 500 due to using a JSONField `contains` lookup that SQLite/Django doesn’t support. This is an incorrect query implementation for the chosen DB backend, causing the Articles-by-Tag behavior to fail."
mini_swe_sdk,minimax-m2.5,uv,django-openapi-sqlite-sqlalchemy,run_2,logic_error,"The server starts and most endpoints work, but GET /api/articles?tag=... triggers a 500 due to using a JSONField `contains` lookup that SQLite/Django backend doesn’t support. This is an implementation bug in tag filtering logic (should use a compatible schema/query for SQLite), not a missing endpoint or response-format issue."
mini_swe_sdk,minimax-m2.5,uv,django-openapi-unconstrained,run_0,logic_error,"The server starts and most endpoints work, but key behaviors are incorrect: tag filtering triggers a 500 due to using a JSONField `contains` lookup unsupported by the SQLite backend, and the follow/unfollow profile routes were never wired (404), indicating broken endpoint behavior rather than startup or schema formatting issues."
mini_swe_sdk,minimax-m2.5,uv,django-openapi-unconstrained,run_1,logic_error,"The server starts and most endpoints work, but the Articles-by-Tag filter triggers a 500 due to using a JSONField `contains` lookup that SQLite doesn’t support. This is an incorrect query implementation for the chosen DB backend, causing runtime failures for tag filtering."
mini_swe_sdk,minimax-m2.5,uv,django-openapi-unconstrained,run_2,logic_error,"The server starts and most endpoints work, but GET /api/articles?tag=... triggers a 500 due to using a JSONField `contains` lookup that isn’t supported by the current database backend (likely SQLite). This is an implementation logic/query bug in tag filtering rather than missing routes or response schema issues."
mini_swe_sdk,minimax-m2.5,uv,fastapi-openapi-clean_architecture,run_0,logic_error,"The server starts and most endpoints return 200/201, but the tests specifically for filtering articles by favorited username fail, indicating incorrect business logic in the favorited filter (e.g., favorites not being associated/queried by username correctly or not reflected in list responses)."
mini_swe_sdk,minimax-m2.5,uv,fastapi-openapi-clean_architecture-postgres,run_2,logic_error,"The server starts and routes exist (health-check and several endpoints return 200/401/422), but core behaviors are incorrect: registration triggers a bcrypt/passlib runtime error (password >72 bytes) causing 500s, and multiple auth-protected flows return 401/422 due to broken authentication/validation logic rather than missing endpoints or startup issues."
mini_swe_sdk,minimax-m2.5,uv,fastapi-openapi-clean_architecture-postgres-sqlalchemy,run_1,incomplete_implementation,"The server starts and most article/profile/tag/comment routes respond, but core user endpoints required by the tests (GET /api/user and PUT /api/user) return 404, indicating missing/unwired routes rather than a startup or pure logic/schema issue."
mini_swe_sdk,minimax-m2.5,uv,fastapi-openapi-clean_architecture-sqlite-sqlalchemy,run_0,logic_error,"The server starts and most endpoints return 200, but article-related routes are producing slugs as null, leading to path calls like /api/articles/null and cascading 422s for get/update/favorite/comment operations. This indicates broken article creation/slug generation or response mapping rather than missing endpoints or startup issues."
mini_swe_sdk,minimax-m2.5,uv,fastapi-openapi-clean_architecture-sqlite-sqlalchemy,run_1,logic_error,"The server starts and routes exist (some return 200), but core behaviors fail: registration triggers a bcrypt/passlib ValueError (password >72 bytes) causing 500s, and authentication/token handling appears broken leading to widespread 401s; additionally several path params yield 422s, indicating incorrect request/validation logic rather than missing endpoints."
mini_swe_sdk,minimax-m2.5,uv,fastapi-openapi-clean_architecture-sqlite-sqlalchemy,run_2,logic_error,"The server starts and most endpoints work (200/201 responses), but follow/unfollow consistently return 401 Unauthorized, indicating broken auth handling for those routes (e.g., missing/incorrect Authorization header parsing or dependency wiring) rather than missing endpoints or schema issues."
mini_swe_sdk,minimax-m2.5,uv,fastapi-openapi-postgres,run_0,logic_error,"The server starts and the endpoints exist, but unauthenticated GET endpoints that should be public (e.g., GET /api/articles and GET /api/articles/:slug/comments) incorrectly return 401 Unauthorized. This indicates an authentication/authorization logic bug (likely a global dependency or auth header requirement applied to routes that should allow anonymous access)."
mini_swe_sdk,minimax-m2.5,uv,fastapi-openapi-postgres,run_1,server_startup_failure,"All tests fail and the server log shows `python: can't open file '/root/main.py'`, indicating the entrypoint/run script expects `/root/main.py` but the file is not present there (likely created under a different path like `/repository/main.py`). As a result the server never starts in the test environment."
mini_swe_sdk,minimax-m2.5,uv,fastapi-openapi-postgres-sqlalchemy,run_0,logic_error,"The server starts and routes are present, but requests fail due to incorrect runtime behavior: SQLAlchemy is being asked to query a Pydantic schema class (schemas.Article) instead of the ORM model (models.Article), causing 500s. Additionally, auth endpoints return 422, indicating request body validation mismatches (wrong expected payload shape), which is also a behavioral/implementation logic issue rather than missing endpoints or startup failure."
mini_swe_sdk,minimax-m2.5,uv,fastapi-openapi-sqlite,run_2,schema_format_error,"The server starts and routes exist, but core requests like register/login return 422 Unprocessable Entity, indicating the request/response Pydantic schemas don’t match the expected RealWorld API envelope (e.g., missing/incorrect nesting like {""user"": {...}}), which then cascades into 401s because authentication never succeeds."
mini_swe_sdk,minimax-m2.5,uv,fastapi-openapi-sqlite-sqlalchemy,run_0,logic_error,"The server starts and most routes exist (200/201 responses), but authenticated flows consistently fail with 401 and slug-based routes receive 'null' leading to 422, indicating broken auth/token handling and/or incorrect state propagation (e.g., not returning/using the expected wrapped response so the test client can extract token/slug). This is behavioral logic rather than missing endpoints or startup issues."
mini_swe_sdk,minimax-m2.5,uv,fastapi-openapi-sqlite-sqlalchemy,run_2,logic_error,"The server starts and most endpoints return 200, but the feed endpoint crashes with an AttributeError due to an incorrect SQLAlchemy query that tries to access DBArticle.author.username on a relationship attribute without joining to the User model. This is a behavioral/ORM query logic bug causing 500s rather than missing routes or schema formatting issues."
mini_swe_sdk,minimax-m2.5,uv,fastapi-openapi-unconstrained,run_1,schema_format_error,"The server starts and routes exist, but many requests return 422 Unprocessable Entity, indicating FastAPI/Pydantic validation failures due to mismatched request/response schemas (e.g., RealWorld expects nested bodies like {""user"": {...}} / {""article"": {...}} and proper slug path params, but the implementation likely uses different models/field names). Auth-related 401s are secondary effects of the same contract mismatch (login/register failing so no valid token/current user is established)."
mini_swe_sdk,minimax-m2.5,uv,flask-openapi-clean_architecture,run_0,logic_error,"The server starts and most endpoints exist (many 200s in logs), but authenticated operations consistently return 401 and downstream tests use a null slug (422/404), indicating broken auth/token handling and state flow (e.g., created article slug not produced/propagated due to auth failure) rather than missing routes or startup issues."
mini_swe_sdk,minimax-m2.5,uv,flask-openapi-clean_architecture-postgres,run_0,logic_error,"The server starts and most endpoints work, but the Articles-by-Tag and Favorite flows trigger a 500 due to incorrect SQLAlchemy query logic: it calls ARRAY.contains() on the base ARRAY type instead of using the PostgreSQL dialect-specific ARRAY (or an association table), causing NotImplementedError and failing tag filtering/favoriting behavior."
mini_swe_sdk,minimax-m2.5,uv,flask-openapi-clean_architecture-postgres,run_1,logic_error,"The server starts and many endpoints work, but multiple GET /api/articles variants consistently return 500 due to a runtime NameError in services.get_articles where User is referenced without being defined/imported. This is an application logic/implementation bug causing internal errors rather than missing routes or startup issues."
mini_swe_sdk,minimax-m2.5,uv,flask-openapi-clean_architecture-postgres-sqlalchemy,run_0,logic_error,"The server starts and nearly all endpoints pass, but the Favorite Article POST test expects a 200 and fails despite the route being hit (log shows 200). This indicates the endpoint exists but its behavior/state mutation is incorrect (e.g., favoritesCount/favorited not updated, idempotency/duplicate favorite handling, or wrong user/article association), rather than missing routes or schema-wide formatting issues."
mini_swe_sdk,minimax-m2.5,uv,flask-openapi-clean_architecture-postgres-sqlalchemy,run_2,logic_error,"The server starts and nearly all endpoints pass, but the Favorite Article POST test fails despite returning 200, indicating the endpoint’s behavior/state mutation is incorrect (e.g., favorite not persisted, wrong favorited flag/favoritesCount, or incorrect user-article association) rather than missing routes or schema-wide formatting issues."
mini_swe_sdk,minimax-m2.5,uv,flask-openapi-clean_architecture-sqlite,run_0,logic_error,"The server starts and routes exist, but GET /api/articles and related listing endpoints consistently 500 due to a runtime AttributeError: ArticleService calls article_repo.get_db_connection(), which is not implemented on ArticleRepository. This is an internal wiring/behavior bug rather than missing endpoints or response schema issues."
mini_swe_sdk,minimax-m2.5,uv,flask-openapi-clean_architecture-sqlite,run_1,logic_error,"The server starts and most endpoints exist (many 200s), but authenticated operations consistently return 401 and slug-based routes are hit with a null slug (422), indicating broken auth/token handling and/or incorrect request/response behavior that prevents the test client from carrying a valid token/slug through subsequent calls."
mini_swe_sdk,minimax-m2.5,uv,flask-openapi-clean_architecture-sqlite,run_2,logic_error,"The server starts and routes are present, but every functional endpoint returns 500 due to a runtime bug: SessionLocal is None and thus not callable (TypeError in multiple route handlers). This indicates broken database/session initialization/wiring rather than missing endpoints or schema formatting issues."
mini_swe_sdk,minimax-m2.5,uv,flask-openapi-clean_architecture-sqlite-sqlalchemy,run_1,logic_error,"The server starts and most endpoints work, but specific article listing filters (author/favorited) crash with a runtime NameError in ArticleRepository.get_articles due to referencing an undefined User symbol, causing 500s for those GET endpoints."
mini_swe_sdk,minimax-m2.5,uv,flask-openapi-clean_architecture-sqlite-sqlalchemy,run_2,logic_error,"The server starts and most endpoints work, but GET /api/articles with query params author= and favorited= consistently returns 422, indicating broken request parsing/validation or filtering logic for these parameters rather than missing routes or wrong response schema."
mini_swe_sdk,minimax-m2.5,uv,flask-openapi-postgres,run_0,logic_error,"The server starts and endpoints exist, but GET /api/articles fails with a 500 due to an AttributeError: the code expects a User.favorites relationship that is not defined on the User model. This breaks tag/favorited filtering logic, causing the failing tests."
mini_swe_sdk,minimax-m2.5,uv,flask-openapi-postgres,run_1,logic_error,"The server starts and most endpoints work, but the Articles-by-Tag GET path triggers a 500 due to using SQLAlchemy ARRAY.contains() on the base ARRAY type, which raises NotImplementedError; this is a query/ORM usage bug (should use the PostgreSQL dialect ARRAY type or a different tag filtering approach)."
mini_swe_sdk,minimax-m2.5,uv,flask-openapi-postgres,run_2,logic_error,"The server starts and most endpoints work, but the Articles-by-Tag GET path triggers a 500 due to incorrect SQLAlchemy query logic: it uses ARRAY.contains() on the base ARRAY type instead of the PostgreSQL dialect-specific ARRAY, causing a NotImplementedError and failing tag filtering."
mini_swe_sdk,minimax-m2.5,uv,flask-openapi-postgres-sqlalchemy,run_0,logic_error,"The server starts and most endpoints work, but the Articles-by-Tag GET endpoint crashes with a 500 due to using the base SQLAlchemy ARRAY type and calling ARRAY.contains(), which raises NotImplementedError; it should use the PostgreSQL dialect-specific ARRAY type or a different tag filtering approach."
mini_swe_sdk,minimax-m2.5,uv,flask-openapi-postgres-sqlalchemy,run_1,logic_error,"The server starts and routes exist, but requests consistently crash at runtime with a RecursionError caused by the auth decorator calling get_current_user() in a way that recursively re-enters itself. This infinite recursion leads to widespread 500s across authenticated endpoints (and likely cascades into other flows), indicating broken request-handling logic rather than missing endpoints or schema mismatches."
mini_swe_sdk,minimax-m2.5,uv,flask-openapi-postgres-sqlalchemy,run_2,logic_error,"The server starts and most endpoints exist (many return 200/401/422 rather than 404), but core behaviors are broken: login returns 500 and tag/article filtering crashes due to using the generic SQLAlchemy ARRAY type (ARRAY.contains NotImplementedError) instead of the Postgres dialect ARRAY, leading to 500s and cascading auth/slug-related failures."
mini_swe_sdk,minimax-m2.5,uv,flask-openapi-sqlite,run_1,server_startup_failure,"All API tests failed and the server log shows `python3: can't open file '//app.py'`, indicating the entrypoint is being invoked from the wrong working directory/path so the server never starts for the test harness."
