agent,model,runtime,task,run_id,subcategory,reasoning
mini_swe_sdk,minimax-m2.5,node,fastify-openapi-clean_architecture-sqlite,run_2,framework_idiosyncrasy,"Fastify rejects requests with Content-Type: application/json when the body is empty (FST_ERR_CTP_EMPTY_JSON_BODY), causing POST /api/articles/:slug/favorite to return 400. This framework-specific parsing behavior breaks favoriting and cascades into failures for favorited=username filtering tests."
mini_swe_sdk,minimax-m2.5,node,fastify-openapi-clean_architecture,run_0,framework_idiosyncrasy,"Fastify’s default JSON content-type parser rejects requests with `Content-Type: application/json` and an empty body, producing `FST_ERR_CTP_EMPTY_JSON_BODY` (400) on POST /favorite even though the spec sends an empty JSON body. This framework-specific parsing behavior is the upstream cause of the favoriting failures and cascades into downstream favorited-filter assertions."
mini_swe_sdk,minimax-m2.5,node,fastify-openapi-clean_architecture,run_2,framework_idiosyncrasy,"Fastify’s default JSON content-type parser rejects requests with Content-Type: application/json and an empty body (FST_ERR_CTP_EMPTY_JSON_BODY), causing POST /api/articles/:slug/favorite to return 400 even though the route should accept an empty payload; downstream favoriting-related tests fail as a cascade."
mini_swe_sdk,minimax-m2.5,node,express-openapi-sqlite,run_0,incorrect_query_logic,"The only failing behavior is filtering articles by `favorited=:username`, which requires a correct join between articles, favorites, and users; auth and other endpoints work, so the root cause is incorrect SQL/join/filter logic for the favorited-by-username query."
mini_swe_sdk,minimax-m2.5,node,express-openapi-clean_architecture-sqlite-sequelize,run_2,incorrect_query_logic,"The only failing feature is GET /api/articles?favorited=:username, which indicates the Sequelize query used to filter articles by a user who favorited them (and/or compute favoritesCount/favorited) is incorrect—likely missing/incorrect join/where on the favorites association or filtering by the wrong user field—while the server, routes, and auth otherwise work."
mini_swe_sdk,minimax-m2.5,node,fastify-openapi-clean_architecture-postgres,run_2,framework_idiosyncrasy,"Fastify is rejecting the bodyless POST /api/articles/:slug/favorite request when the client sends Content-Type: application/json with an empty body, triggering FST_ERR_CTP_EMPTY_JSON_BODY (400). This framework-specific content-type parser behavior prevents the favorite action from reaching business logic and causes the downstream favorited-articles tests to fail."
mini_swe_sdk,minimax-m2.5,node,fastify-openapi-clean_architecture-postgres,run_0,incorrect_query_logic,"The dominant failures are repeated 500s on GET /api/articles with filters (author/tag/favorited), indicating the article repository/service builds invalid or incorrect SQL for these query parameters. The Fastify empty JSON body error on POST /favorite is real but secondary; it causes 400s only on that endpoint, while the core suite failures are the broken filtered article queries."
mini_swe_sdk,minimax-m2.5,node,fastify-openapi-clean_architecture-sqlite-sequelize,run_2,framework_idiosyncrasy,"The primary failure is Fastify’s default JSON content-type parser rejecting requests with `Content-Type: application/json` but an empty body, producing `FST_ERR_CTP_EMPTY_JSON_BODY` and 400s on the favorite endpoint; this upstream framework behavior causes the bulk of test failures."
mini_swe_sdk,minimax-m2.5,node,fastify-openapi-clean_architecture-postgres-sequelize,run_1,framework_idiosyncrasy,"Fastify’s default JSON content-type parser rejects requests with `Content-Type: application/json` and an empty body, producing `FST_ERR_CTP_EMPTY_JSON_BODY` and 400s on `POST /api/articles/:slug/favorite` (which should accept an empty body per spec/tests). This upstream framework behavior prevents favoriting from succeeding and cascades into failures for favorited-articles listing expectations."
mini_swe_sdk,minimax-m2.5,node,express-openapi-postgres,run_0,business_logic_defect,"The Favorite Article POST endpoint exists and the server/auth flow works, but the favoriting behavior/response is incorrect (e.g., not setting favorited=true and/or not updating favoritesCount/association as required by the RealWorld spec), indicating a spec-level business logic mismatch rather than a routing, auth, or DB runtime failure."
mini_swe_sdk,minimax-m2.5,node,fastify-openapi-clean_architecture-postgres-sequelize,run_0,framework_idiosyncrasy,"Fastify’s default JSON content-type parser rejects requests with Content-Type: application/json when the body is empty, causing POST /api/articles/:slug/favorite to return FST_ERR_CTP_EMPTY_JSON_BODY (400) even though the endpoint should accept an empty body per the test behavior."
mini_swe_sdk,minimax-m2.5,node,express-openapi-clean_architecture-postgres,run_0,database_runtime_error,"The primary failure is runtime Postgres errors from a schema/query mismatch: repository code queries an articles.""tagList"" column that does not exist in the initialized tables, causing 500s on article endpoints and cascading downstream 422s. This is an incorrect DB schema/column definition rather than an auth or spec-level logic issue."
mini_swe_sdk,minimax-m2.5,node,express-openapi-postgres-sequelize,run_1,incorrect_query_logic,"The failing cases are all centered on filtered article listings (by author/tag/favorited) returning incorrect results despite routes existing and basic CRUD working, which points to wrong Sequelize query construction/associations for these filters. The profile endpoint returning 422 in tests is likely a downstream validation/lookup mismatch tied to how usernames/relations are queried rather than an auth or runtime DB crash."
mini_swe_sdk,minimax-m2.5,node,fastify-openapi-clean_architecture-sqlite-sequelize,run_1,framework_idiosyncrasy,"Fastify rejects requests with Content-Type: application/json and an empty body, throwing FST_ERR_CTP_EMPTY_JSON_BODY; the RealWorld favorite endpoint sends an empty JSON body, so the handler/config must allow empty bodies or omit JSON parsing for that route, making this the upstream cause of the 400 failures."
mini_swe_sdk,minimax-m2.5,node,fastify-openapi-postgres-sequelize,run_1,database_runtime_error,"Most failing endpoints crash with SequelizeEagerLoadingError because the same models are associated multiple times without consistent `as` aliases, and the route handlers `include` mismatched aliases (e.g., Comment include `author` vs association alias `User`). This is an ORM runtime/association configuration error that triggers 500s during query execution rather than a spec-level logic mismatch."
mini_swe_sdk,minimax-m2.5,node,fastify-openapi-postgres,run_2,framework_idiosyncrasy,"Fastify’s default JSON content-type parser rejects requests with `Content-Type: application/json` and an empty body, producing `FST_ERR_CTP_EMPTY_JSON_BODY` and 400s on POST /favorite (tests send an empty JSON body). This framework-specific behavior is the upstream cause of the favoriting failures and cascades into downstream favorited-articles assertions."
mini_swe_sdk,minimax-m2.5,node,fastify-openapi-sqlite-sequelize,run_1,framework_idiosyncrasy,"Fastify’s default JSON content-type parser rejects requests with Content-Type: application/json when the body is empty (FST_ERR_CTP_EMPTY_JSON_BODY), causing POST /api/articles/:slug/favorite to return 400 even though the route should accept an empty body per spec."
mini_swe_sdk,minimax-m2.5,node,fastify-openapi-sqlite,run_1,framework_idiosyncrasy,"Fastify rejects requests with Content-Type: application/json and an empty body, causing POST /api/articles/:slug/favorite to return FST_ERR_CTP_EMPTY_JSON_BODY (400) even though the route should accept an empty body. This framework-specific body parser behavior is the upstream cause of the favorite failures and cascades into favorited-article filtering tests."
mini_swe_sdk,minimax-m2.5,node,fastify-openapi-sqlite,run_2,framework_idiosyncrasy,"Fastify's default JSON content-type parser rejects requests with Content-Type: application/json when the body is empty (FST_ERR_CTP_EMPTY_JSON_BODY), causing POST /api/articles/:slug/favorite to return 400 even though the route exists. This framework-specific parsing behavior prevents favoriting and cascades into failures for favorited-articles listing tests."
mini_swe_sdk,minimax-m2.5,node,fastify-openapi-postgres,run_1,framework_idiosyncrasy,"Fastify rejects requests with Content-Type: application/json when the body is empty (FST_ERR_CTP_EMPTY_JSON_BODY), causing POST /api/articles/:slug/favorite to return 400 despite correct routing. This framework-specific parsing behavior prevents favoriting and cascades into failing favorited-articles filtering tests."
mini_swe_sdk,minimax-m2.5,node,fastify-openapi-sqlite-sequelize,run_0,framework_idiosyncrasy,"Fastify is rejecting POST /api/articles/:slug/favorite with Content-Type: application/json when the request body is empty (FST_ERR_CTP_EMPTY_JSON_BODY), but the RealWorld spec sends no body for favorite/unfavorite; this framework-specific parsing behavior causes the primary 400 failures and prevents favoriting state from being created for downstream favorited-by tests."
mini_swe_sdk,minimax-m2.5,node,fastify-openapi-unconstrained,run_2,framework_idiosyncrasy,"Fastify’s default JSON content-type parser rejects requests with Content-Type: application/json when the body is empty (FST_ERR_CTP_EMPTY_JSON_BODY), causing POST /api/articles/:slug/favorite to return 400 even though the route exists and logic is otherwise fine."
mini_swe_sdk,minimax-m2.5,node,fastify-openapi-unconstrained,run_0,framework_idiosyncrasy,"Fastify’s default JSON content-type parser rejects requests with `Content-Type: application/json` and an empty body (FST_ERR_CTP_EMPTY_JSON_BODY), causing the favorite/follow POST endpoints to return 400 when tests send no payload. This framework-specific behavior is the primary upstream failure leading to the observed test failures."
mini_swe_sdk,minimax-m2.5,node,fastify-openapi-unconstrained,run_1,framework_idiosyncrasy,"Fastify rejects requests with Content-Type: application/json when the body is empty (FST_ERR_CTP_EMPTY_JSON_BODY), but the RealWorld favorite endpoint is called with an empty body; this framework-specific parser behavior causes the POST /favorite to 400 despite the route existing."
mini_swe_sdk,minimax-m2.5,node,hono-openapi-clean_architecture-sqlite,run_1,business_logic_defect,"The only failing test is Favorite Article POST returning 200 but with incorrect behavior, which most commonly indicates the handler doesn’t implement the RealWorld spec semantics (e.g., not persisting the favorite relationship and/or not updating/returning favorited and favoritesCount correctly) rather than an auth, query, or framework/runtime crash issue."
mini_swe_sdk,minimax-m2.5,node,hono-openapi-clean_architecture-sqlite-sequelize,run_0,incorrect_query_logic,"The only failing tests are for GET /api/articles?favorited=<username> returning 200 but incorrect results, indicating the favorited filter is not being applied correctly (e.g., missing/incorrect join through the favorites relation or filtering by the wrong user field). Auth and the favorite/unfavorite mutation flow work, so the upstream root cause is the query/filter logic for the favorited parameter."
mini_swe_sdk,minimax-m2.5,node,hono-openapi-clean_architecture-sqlite,run_2,business_logic_defect,"The failing cases are spec-level behaviors (PUT /articles/:slug update semantics and GET /articles/:slug/comments response rules for both authenticated and anonymous users) while the server runs and routes exist, indicating the core issue is incorrect business logic in article update/comment retrieval rather than auth, query execution errors, or framework/runtime problems."
mini_swe_sdk,minimax-m2.5,node,hono-openapi-sqlite,run_2,state_propagation_failure,"The DELETE /favorite endpoint returns 200 but the unfavorite state is not actually persisted/propagated (the user-article favorite row isn’t removed and/or favoritesCount/favorited isn’t recomputed), so subsequent reads still reflect the old favorited state. This is a state mutation persistence issue rather than auth, routing, or framework behavior."
mini_swe_sdk,minimax-m2.5,node,hono-openapi-postgres-sequelize,run_1,business_logic_defect,"The only failing test is the follow profile POST returning an unexpected result, which indicates the follow/unfollow relationship update or the returned `following` flag doesn’t match the RealWorld spec. Auth and routing appear functional (registration/login and authenticated article creation work), so the root cause is incorrect follow-profile business behavior rather than middleware or DB runtime issues."
mini_swe_sdk,minimax-m2.5,node,hono-openapi-postgres-sequelize,run_0,incorrect_query_logic,"All failures are confined to the Articles GET listing variants (author/tag/favorited, with and without auth) while the server boots and routes respond, which most strongly indicates the filtering/join logic for these list queries (especially favorited-by username and optional auth-dependent fields) is implemented incorrectly rather than an auth, framework, or runtime DB crash issue."
mini_swe_sdk,minimax-m2.5,node,hono-openapi-sqlite,run_1,state_propagation_failure,"The failing test is specifically for DELETE /api/articles/:slug/favorite returning 200 but not correctly updating/propagating the favorite state (e.g., favorite row not removed and/or favoritesCount/favorited not updated in the returned article). This indicates a broken state mutation/propagation for the favorite relationship rather than auth, routing, or query execution errors."
mini_swe_sdk,minimax-m2.5,node,koa-openapi-clean_architecture-postgres,run_0,business_logic_defect,"Although routes and auth appear to work in manual curls, the broad, consistent failures across create/list/filter/update/favorite/comment scenarios indicate the implementation’s behavior diverges from the RealWorld spec (e.g., response fields like createdAt/updatedAt, author image defaulting to null, proper pagination counts, and exact filtering semantics), rather than a crash, missing state propagation, or auth/query runtime errors."
mini_swe_sdk,minimax-m2.5,node,koa-openapi-clean_architecture,run_2,state_propagation_failure,"The failing test is GET /api/articles/:slug returning 422, which commonly happens when the slug used by the test is null/undefined because the create-article response didn’t correctly propagate/return the generated slug in the expected shape. This upstream state propagation issue then causes subsequent single-article lookups to hit validation and return 422 despite routes/auth otherwise working."
mini_swe_sdk,minimax-m2.5,node,fastify-openapi-sqlite,run_0,framework_idiosyncrasy,"Fastify’s default JSON content-type parser rejects requests with `Content-Type: application/json` and an empty body, producing `FST_ERR_CTP_EMPTY_JSON_BODY` and a 400 on the favorite endpoint where the spec sends an empty body. This framework-specific behavior (not business logic) is the primary upstream cause of the observed failures."
mini_swe_sdk,minimax-m2.5,node,hono-openapi-sqlite-sequelize,run_1,incorrect_query_logic,"The Articles-by-Tag handler builds a tag filter using the Postgres JSON containment operator (@>) against the tagList field, but the required stack is SQLite+Sequelize where @> is unsupported. This wrong filtering/query construction causes SequelizeDatabaseError (SQLITE_ERROR: unrecognized token: ""@"") and 500s on tag-filtered article listing."
mini_swe_sdk,minimax-m2.5,node,koa-openapi-clean_architecture-postgres,run_1,incorrect_query_logic,"Multiple article endpoints (list by author/tag/favorited, single by slug, update, favorite/unfavorite) fail while the server runs and auth appears to work, pointing to broken SQL in the ArticleRepository for joins/filters and derived fields (e.g., favoritesCount/favorited) rather than routing or token handling."
mini_swe_sdk,minimax-m2.5,node,koa-openapi-clean_architecture-postgres-sequelize,run_1,state_propagation_failure,"The favorite endpoint returns 200 but the resulting article state is inconsistent (e.g., favorited=true while favoritesCount remains 0), indicating the favorite relationship/count mutation isn’t being persisted or reflected in the response. This is a state update/propagation issue rather than routing, auth, or query filtering."
mini_swe_sdk,minimax-m2.5,node,koa-openapi-clean_architecture-sqlite-sequelize,run_2,database_runtime_error,"Favoriting fails with a SQLite runtime error (""table Favorites has no column named id""), indicating the Sequelize join-table/model schema is misdefined or not synced as expected, causing DB operations to crash despite routes and auth working."
mini_swe_sdk,minimax-m2.5,node,koa-openapi-postgres-sequelize,run_0,incorrect_query_logic,"All failures are confined to the GET /articles listing variants (including author/tag/favorited filters and auth-conditioned fields), while the server boots and other basic endpoints work, indicating the articles retrieval/filtering query logic (joins/where clauses/pagination) is implemented incorrectly rather than an auth, framework, or runtime DB crash issue."
mini_swe_sdk,minimax-m2.5,node,koa-openapi-postgres-sequelize,run_1,incorrect_query_logic,"All failures are confined to the GET /api/articles listing variants (author/tag/favorited, with and without auth) while the server boots and routes respond, indicating the core issue is the article retrieval/filtering query and/or includes/joins used to compute fields like favorited/favoritesCount rather than auth or runtime DB crashes."
mini_swe_sdk,minimax-m2.5,node,koa-openapi-sqlite,run_0,incorrect_query_logic,"The consistent 500s on “GET articles favorited by username” point to a broken favorites-by-user retrieval query (likely an incorrect join/filter against the favorites table or wrong column names/types in SQLite). Authenticated endpoints like /api/user and favoriting an article work, so the upstream issue is the query logic for the favorited filter rather than auth or framework behavior."
mini_swe_sdk,minimax-m2.5,node,koa-openapi-clean_architecture-sqlite,run_2,state_propagation_failure,"The DELETE /articles/:slug/favorite endpoint returns 200 but does not correctly persist/propagate the unfavorite state change (e.g., favorite relationship not removed and/or favoritesCount/favorited not updated), causing the behavior mismatch despite routes and auth working."
mini_swe_sdk,minimax-m2.5,node,koa-openapi-postgres-sequelize,run_2,business_logic_defect,"All article-related endpoints consistently return 422 while the server and public endpoints (health-check, tags) work, indicating the handlers are rejecting otherwise valid requests due to incorrect request validation/parameter parsing (e.g., requiring bodies on GETs or mis-handling optional query/path params like slug/limit/offset/author/tag/favorited) rather than auth, DB runtime, or missing routes."
mini_swe_sdk,minimax-m2.5,node,koa-openapi-sqlite,run_1,incorrect_query_logic,"The Articles-by-Tag GET handler builds/binds SQL parameters incorrectly for the tag filter, causing SQLite to throw ""Too many parameter values were provided"" at runtime. Auth and routing work, but the tag-filter query’s placeholder/parameter count mismatch triggers 500s."
mini_swe_sdk,minimax-m2.5,uv,aiohttp-openapi-clean_architecture,run_1,business_logic_defect,"The favorite-article endpoint exists and returns 200, but its behavior likely doesn’t match the spec (e.g., not persisting the favorite relationship and/or not updating/returning favorited=true and an incremented favoritesCount). This is a spec-level functional mismatch rather than an auth, query, state propagation, DB runtime, or framework issue."
mini_swe_sdk,minimax-m2.5,uv,aiohttp-openapi-clean_architecture,run_2,database_runtime_error,"GET /articles crashes at runtime with a NameError in repositories/data_store.py:get_articles due to referencing an undefined variable `slug`, causing 500s for all article listing variants. This is an execution-time code error in the data access layer rather than an auth or spec-level logic mismatch."
mini_swe_sdk,minimax-m2.5,uv,aiohttp-openapi-clean_architecture-postgres,run_2,database_runtime_error,"The PUT /api/articles update path crashes inside asyncpg when preparing the SQL statement because a NULL/untyped parameter ($1) is passed, triggering IndeterminateDatatypeError. This is a runtime DB driver/API usage issue (parameter typing/casting in the UPDATE query), not an auth or business-logic mismatch."
mini_swe_sdk,minimax-m2.5,node,fastify-openapi-sqlite-sequelize,run_2,framework_idiosyncrasy,"The primary failure is Fastify's default JSON body parser rejecting requests with Content-Type: application/json but an empty body (FST_ERR_CTP_EMPTY_JSON_BODY), causing the favorite endpoint to return 400 instead of succeeding; this framework-specific behavior breaks multiple tests."
mini_swe_sdk,minimax-m2.5,uv,aiohttp-openapi-clean_architecture-sqlite-sqlalchemy,run_1,database_runtime_error,"The primary failure is SQLAlchemy ORM lifecycle misuse: handlers/services access lazy-loaded relationships (e.g., follower.following) after the session has been closed, triggering DetachedInstanceError and widespread 500s. This is a runtime DB/ORM session management error rather than a query or business-logic mismatch."
mini_swe_sdk,minimax-m2.5,uv,aiohttp-openapi-clean_architecture-postgres-sqlalchemy,run_1,state_propagation_failure,"Many endpoints return 422 and the server later crashes trying to int() a path param value of 'null', indicating earlier create/list handlers are not correctly extracting/returning identifiers (e.g., slug/comment id) so subsequent test steps call routes like /articles/null or /comments/null. This broken propagation of generated IDs/slugs is the upstream cause of the cascading 422s and the ValueError in delete_comment."
mini_swe_sdk,minimax-m2.5,uv,aiohttp-openapi-postgres,run_1,incorrect_query_logic,"The 500s are caused by malformed SQL generated in GET /api/articles when applying the `favorited` username filter, producing an asyncpg PostgresSyntaxError (unterminated dollar-quoted string near ""$$1""). Auth and routing work; the upstream root issue is incorrect construction/parameterization of the favorited-filter query."
mini_swe_sdk,minimax-m2.5,uv,aiohttp-openapi-clean_architecture-sqlite,run_1,incorrect_query_logic,"The /api/articles?favorited=<username> handler builds a SQL query that references an alias/column (fu.username) that is never defined by the joins in SQLite, producing sqlite3.OperationalError. Auth and routing work; the failure is caused by incorrect join/alias logic in the favorited-by filter query."
mini_swe_sdk,minimax-m2.5,uv,aiohttp-openapi-postgres,run_2,database_runtime_error,"The 500s stem from asyncpg raising InterfaceError 'cannot perform operation: another operation is in progress' when releasing/resetting a pooled connection, indicating incorrect concurrent use/lifecycle management of asyncpg connections (e.g., sharing a connection across awaits/requests or overlapping operations on the same connection). This upstream DB/pool misuse causes article listing endpoints to crash regardless of route existence or auth behavior."
mini_swe_sdk,minimax-m2.5,uv,aiohttp-openapi-clean_architecture-sqlite-sqlalchemy,run_0,database_runtime_error,"The 500s are caused by SQLAlchemy async runtime misuse: the stack trace shows sqlalchemy.exc.MissingGreenlet when executing via the aiosqlite dialect, meaning DB I/O is being triggered outside the required async/greenlet context (e.g., using sync-style session/connection patterns or lazy-loading after the async session scope). This is an ORM/runtime integration error rather than incorrect query semantics or business logic."
mini_swe_sdk,minimax-m2.5,uv,aiohttp-openapi-unconstrained,run_1,incorrect_query_logic,"The failing tests are specifically for /api/articles filtering by query params (author and favorited) while the endpoints return 200, indicating the handler’s filtering logic is not applying the correct constraints (e.g., not joining/looking up author username or favorites-by-user properly) rather than an auth or runtime/database crash issue."
mini_swe_sdk,minimax-m2.5,uv,aiohttp-openapi-sqlite,run_2,auth_misconfiguration,"The implementation mishandles RealWorld token semantics: authenticated responses like GET/PUT /api/user return an empty token even when a valid ""Authorization: Token <token>"" header is provided, indicating the auth middleware/user serialization isn’t propagating the token correctly. This upstream auth/session bug cascades into widespread failures across endpoints that depend on correct authentication state."
mini_swe_sdk,minimax-m2.5,uv,aiohttp-openapi-postgres-sqlalchemy,run_1,database_runtime_error,"The PUT /api/articles/:slug handler is triggering a 500 due to incorrect async SQLAlchemy session/transaction usage at runtime (e.g., committing/refreshing or accessing ORM relationships outside an active async session), which manifests as server errors despite routes and auth working."
mini_swe_sdk,minimax-m2.5,uv,django-openapi-clean_architecture,run_0,incorrect_query_logic,"The primary failure is the tag filtering query using a JSONField `contains` lookup that the active database backend does not support, causing a NotSupportedError and 500s on GET /api/articles?tag=.... The 405s on DELETE follow/favorite are secondary routing/method-handling issues, but the upstream root cause driving the main test failures is the unsupported/incorrect ORM lookup for tag filtering."
mini_swe_sdk,minimax-m2.5,uv,aiohttp-openapi-postgres-sqlalchemy,run_2,database_runtime_error,"Requests fail with SQLAlchemy/asyncpg ProgrammingError UndefinedTableError (e.g., relation ""tags"" does not exist), indicating the database schema/migrations were not created or applied before queries run. This missing-table runtime DB failure is the upstream cause of the widespread 500s, with other errors cascading afterward."
mini_swe_sdk,minimax-m2.5,uv,django-openapi-clean_architecture-postgres-sqlalchemy,run_2,auth_misconfiguration,"Profile GET crashes because the code treats the raw JWT string from the Authorization header as a user id and passes it into an id filter, triggering ""Field 'id' expected a number"". This indicates the authentication layer is mis-parsing/validating the token and not extracting the numeric user_id claim before using it downstream."
mini_swe_sdk,minimax-m2.5,uv,django-openapi-clean_architecture,run_1,incorrect_query_logic,"The primary failure is the articles-by-tag filter crashing with Django's NotSupportedError because the implementation uses a JSONField `contains` lookup that isn't supported by the configured DB backend (likely SQLite). The 405s are routing/method issues, but the upstream root cause evidenced by the stack trace is incorrect query logic/DB feature assumptions in tag filtering."
mini_swe_sdk,minimax-m2.5,uv,django-openapi-clean_architecture-postgres-sqlalchemy,run_0,framework_idiosyncrasy,"The primary failure is incorrect Django URL/method routing: `path('user', ...)` is declared twice (GET and PUT) so only one view is actually reachable, causing PUT /api/user to return 405. The repeated 422s on favorite/comment endpoints are consistent with Django/DRF request parsing/validation rejecting bodies on routes that should accept empty/standard payloads, stemming from handler wiring/parsing behavior rather than DB/query logic."
mini_swe_sdk,minimax-m2.5,uv,django-openapi-clean_architecture-sqlite-sqlalchemy,run_2,database_runtime_error,"The primary failure is SQLAlchemy QueuePool TimeoutError (connection pool exhaustion), indicating sessions/connections are not being properly closed/returned to the pool in the Django request lifecycle. This is a runtime DB/ORM usage/lifecycle bug that intermittently breaks otherwise-correct endpoints like register/profile."
mini_swe_sdk,minimax-m2.5,uv,django-openapi-sqlite,run_0,incorrect_query_logic,"The /api/articles?tag=... implementation uses a JSONField `contains` lookup for tag filtering, which is not supported on SQLite, causing a NotSupportedError and 500 responses. Auth and routing work; the failure is specifically due to an incompatible/incorrect filtering query for the required sqlite backend."
mini_swe_sdk,minimax-m2.5,uv,django-openapi-postgres,run_0,database_runtime_error,"The primary failure is missing database schema: runtime queries crash with ProgrammingError (e.g., relation ""tags"" does not exist), indicating the app’s tables/migrations were never created/applied against the actual Postgres database used in tests (run.sh only syncs built-in auth/contenttypes). This upstream DB setup error causes the widespread 500s and prevents normal API behavior."
mini_swe_sdk,minimax-m2.5,uv,django-openapi-sqlite,run_2,incorrect_query_logic,"The /api/articles?tag=... handler filters tags using a JSONField `contains` lookup, which is unsupported on SQLite, causing a NotSupportedError and 500s. The upstream issue is the tag-filter query implementation choosing an incompatible lookup/operator for the sqlite backend."
mini_swe_sdk,minimax-m2.5,uv,django-openapi-sqlite,run_1,incorrect_query_logic,"The /api/articles?tag=... filter uses a JSONField `contains` lookup, which is not supported by Django on SQLite, causing a NotSupportedError and 500 responses. Auth and routing work; the failure is specifically due to an incompatible/incorrect filtering query implementation for the sqlite backend."
mini_swe_sdk,minimax-m2.5,uv,django-openapi-sqlite-sqlalchemy,run_0,incorrect_query_logic,"The /api/articles?tag=... implementation uses a JSONField `contains` lookup for tag filtering, which is unsupported on SQLite and raises NotSupportedError, causing 500s. Auth and routing work; the failure is specifically due to incorrect/unsupported query logic for the chosen database backend."
mini_swe_sdk,minimax-m2.5,uv,django-openapi-sqlite-sqlalchemy,run_1,incorrect_query_logic,"The /api/articles?tag=... handler uses a JSONField `contains` lookup to filter tagList, but Django’s SQLite backend does not support `contains` for JSONField, raising NotSupportedError and causing a 500. This is a DB-incompatible query/filter implementation rather than an auth or state issue."
mini_swe_sdk,minimax-m2.5,uv,django-openapi-sqlite-sqlalchemy,run_2,incorrect_query_logic,"GET /api/articles?tag=... crashes because the implementation uses a JSONField `contains` lookup for tag filtering, which is unsupported on SQLite, causing a NotSupportedError. This is a faulty/DB-incompatible query approach in the tag filtering logic rather than an auth, state, or framework routing issue."
mini_swe_sdk,minimax-m2.5,uv,django-openapi-unconstrained,run_1,incorrect_query_logic,"The /api/articles?tag=... handler uses a JSONField `contains` lookup for tag filtering, but SQLite doesn’t support that operator, triggering a NotSupportedError and 500s. Auth and routing work; the failure is the tag-filter query being implemented with an unsupported lookup for the chosen DB backend."
mini_swe_sdk,minimax-m2.5,uv,django-openapi-unconstrained,run_2,incorrect_query_logic,"The /api/articles?tag=... handler filters tags using a JSONField `contains` lookup, which is unsupported on the current DB backend (SQLite), causing a NotSupportedError and 500s. This is a query/filter implementation choice incompatible with the database, not an auth or routing issue."
mini_swe_sdk,minimax-m2.5,uv,django-openapi-postgres,run_2,state_propagation_failure,"Profile follow/unfollow (and endpoints that serialize author/profile state) crash because the code assumes a one-to-one Profile exists for every User, but user creation doesn’t create/attach a Profile, leading to `User.profile.RelatedObjectDoesNotExist`. This is an upstream state/model propagation issue (missing dependent resource creation) that cascades into 500s on profile and comment flows."
mini_swe_sdk,minimax-m2.5,uv,fastapi-openapi-clean_architecture-sqlite-sqlalchemy,run_0,state_propagation_failure,"Article creation is returning a null slug (or not persisting/generating it), so subsequent tests construct URLs like /api/articles/null and FastAPI rejects them with 422. This is an upstream identifier generation/response-mapping issue that cascades into failures for get/update/favorite/comment operations."
mini_swe_sdk,minimax-m2.5,uv,fastapi-openapi-clean_architecture,run_0,incorrect_query_logic,"Only the article-list filtering by `favorited=<username>` fails while auth and other filters (author/tag) return 200, indicating the implementation’s retrieval/filter logic for favorited articles is wrong (e.g., not joining favorites to users by username or not applying the favorited filter at all) rather than an auth or framework issue."
mini_swe_sdk,minimax-m2.5,node,koa-openapi-unconstrained,run_2,auth_misconfiguration,"The suite shows protected endpoints consistently returning 401 (GET/PUT /api/user, POST comments, POST articles), indicating the auth middleware/token parsing is rejecting the test client’s Authorization header format. The resulting lack of authenticated user context then cascades into 422s on slug-based operations (e.g., /api/articles/{slug}/favorite, comments) because the prerequisite create/auth steps fail."
mini_swe_sdk,minimax-m2.5,node,fastify-openapi-postgres,run_0,framework_idiosyncrasy,"Fastify’s default JSON content-type parser rejects requests with Content-Type: application/json and an empty body (FST_ERR_CTP_EMPTY_JSON_BODY), causing POST /articles/:slug/favorite to return 400 even though the spec/tests expect an empty body to be accepted."
mini_swe_sdk,minimax-m2.5,uv,fastapi-openapi-clean_architecture-sqlite-sqlalchemy,run_1,business_logic_defect,"User registration crashes with a passlib/bcrypt ValueError because the implementation hashes a password longer than bcrypt’s 72-byte limit (likely hashing the wrong field or an already-encoded/expanded value), causing 500s and preventing token issuance; the widespread 401s then cascade from users being unable to register/login successfully."
mini_swe_sdk,minimax-m2.5,uv,fastapi-openapi-clean_architecture-postgres,run_2,database_runtime_error,"The primary upstream failure is a runtime exception in the password hashing stack (passlib/bcrypt raising `ValueError: password cannot be longer than 72 bytes`) during registration, causing 500s and preventing valid users/tokens from being created; subsequent 401/422 failures cascade from this broken persistence/auth state."
mini_swe_sdk,minimax-m2.5,uv,fastapi-openapi-sqlite-sqlalchemy,run_2,incorrect_query_logic,"The feed endpoint builds an invalid SQLAlchemy filter by dereferencing a relationship attribute (DBArticle.author.username) without joining the related User table, causing an AttributeError and 500s. Auth and routing work; the failure is due to incorrect ORM query construction for the feed filter."
mini_swe_sdk,minimax-m2.5,uv,fastapi-openapi-sqlite-sqlalchemy,run_0,auth_misconfiguration,"Most authenticated endpoints consistently return 401 even after successful register/login, indicating the server is not accepting the token format the tests send (e.g., expecting 'Token' vs 'Bearer' or reading the wrong header). The subsequent '/api/articles/null' 422s are a cascade from auth failures preventing article creation and thus no slug being produced/propagated."
mini_swe_sdk,minimax-m2.5,uv,fastapi-openapi-postgres-sqlalchemy,run_0,database_runtime_error,"Most endpoints 500 because SQLAlchemy Session.query() is given a Pydantic schema class (schemas.Article) instead of an ORM mapped model (models.Article), triggering a runtime ArgumentError. The 422s on auth are secondary request-shape issues, but the primary upstream failure is incorrect ORM API usage causing crashes."
mini_swe_sdk,minimax-m2.5,uv,flask-openapi-clean_architecture-postgres,run_1,database_runtime_error,"All GET /api/articles variants crash with a runtime NameError in services.get_articles because the User model is referenced without being imported/defined, causing 500s despite routes and server startup working."
mini_swe_sdk,minimax-m2.5,node,fastify-openapi-clean_architecture,run_1,framework_idiosyncrasy,"Fastify is attempting to JSON-parse an empty request body on POST /favorite (no payload), triggering ""Unexpected end of JSON input"" from the content-type parser. This framework-specific empty-body parsing behavior causes the 500s and cascades into favorited-related test failures."
mini_swe_sdk,minimax-m2.5,node,express-openapi-clean_architecture-postgres,run_2,business_logic_defect,"All failures are isolated to DELETE /api/articles/:slug/favorite returning 422, which indicates the unfavorite handler is rejecting a valid request (e.g., treating “not currently favorited” as a validation error or mis-handling the delete semantics) rather than an auth, routing, or database runtime issue."
mini_swe_sdk,minimax-m2.5,uv,flask-openapi-clean_architecture,run_0,auth_misconfiguration,"Authenticated endpoints consistently return 401 even after successful login/GET /api/user, indicating the auth middleware is not recognizing the token format/header (e.g., expecting a different scheme than the tests send). The resulting inability to create articles causes cascading null slug requests (/api/articles/null) and downstream 422/404s."
mini_swe_sdk,minimax-m2.5,uv,flask-openapi-clean_architecture-postgres,run_0,incorrect_query_logic,"The 500s are caused by using SQLAlchemy's base ARRAY type with .contains(), which raises NotImplementedError; tag filtering (and related favorited flows) should use the PostgreSQL dialect-specific ARRAY type or a proper association table/query pattern."
mini_swe_sdk,minimax-m2.5,node,fastify-openapi-clean_architecture-sqlite,run_1,framework_idiosyncrasy,"Fastify is rejecting RealWorld endpoints that legitimately send an empty body with Content-Type: application/json (FST_ERR_CTP_EMPTY_JSON_BODY), causing favorite POST (and likely other mutation routes) to fail before business logic runs; this framework-specific request parsing/config mismatch is the upstream cause of the observed 400/422 behavior."
mini_swe_sdk,minimax-m2.5,uv,flask-openapi-clean_architecture-postgres-sqlalchemy,run_0,state_propagation_failure,"The favorite endpoint returns 200 but the expected post-favorite state (favorited=true and/or favoritesCount increment and persistence so subsequent queries reflect the favorite) is not being propagated/saved correctly. This indicates the mutation is not persisted or not reflected in the serialized response, causing the test to fail despite the route and status code being correct."
mini_swe_sdk,minimax-m2.5,node,fastify-openapi-clean_architecture-sqlite-sequelize,run_0,framework_idiosyncrasy,"Fastify rejects requests with Content-Type: application/json when the body is empty (FST_ERR_CTP_EMPTY_JSON_BODY). The favorite endpoint is implemented/configured in a way that triggers JSON body parsing for an endpoint that should accept an empty body, causing 400s and cascading favoriting-related test failures."
mini_swe_sdk,minimax-m2.5,uv,flask-openapi-clean_architecture-postgres-sqlalchemy,run_2,state_propagation_failure,"The Favorite Article POST returns 200 but the expected state change (persisting the favorite relationship and updating favorited/favoritesCount for subsequent reads/filters) is not reflected, indicating the mutation isn’t being properly saved/propagated through the ORM/session rather than an auth or routing issue."
mini_swe_sdk,minimax-m2.5,node,fastify-openapi-postgres-sequelize,run_0,framework_idiosyncrasy,"The primary failure is Fastify rejecting requests with `Content-Type: application/json` but an empty body, producing `FST_ERR_CTP_EMPTY_JSON_BODY` and causing POST /api/articles/:slug/favorite to return 400. This framework-specific parsing behavior breaks the favorite flow and cascades into favorited/article listing test failures."
mini_swe_sdk,minimax-m2.5,uv,flask-openapi-clean_architecture-sqlite,run_2,database_runtime_error,"All endpoints crash with TypeError: 'NoneType' object is not callable when calling SessionLocal(), indicating the SQLAlchemy session factory was never initialized/wired (SessionLocal left as None). This is a runtime DB/ORM initialization error that prevents any handler from obtaining a database session."
mini_swe_sdk,minimax-m2.5,uv,flask-openapi-clean_architecture-sqlite,run_1,auth_misconfiguration,"All endpoints that require authentication (create/update article, feed, favorite, follow, comment create) consistently return 401 while public GETs succeed, indicating the auth middleware is not accepting the test suite’s Authorization header/token format. The resulting null slug paths are a downstream cascade because article creation never succeeds due to the auth failure."
mini_swe_sdk,minimax-m2.5,uv,flask-openapi-postgres,run_1,database_runtime_error,"The Articles-by-Tag handler crashes at runtime because it calls SQLAlchemy ARRAY.contains() on the base ARRAY type, which raises NotImplementedError unless the PostgreSQL dialect-specific ARRAY type (or an alternative tag filtering strategy) is used."
mini_swe_sdk,minimax-m2.5,uv,fastapi-openapi-clean_architecture-sqlite-sqlalchemy,run_2,auth_misconfiguration,"Follow/unfollow endpoints consistently return 401 while other authenticated endpoints (e.g., /api/user, article favorite) succeed, indicating the auth dependency/middleware for profile follow routes is miswired or parsing a different Authorization header format than the rest of the app."
mini_swe_sdk,minimax-m2.5,uv,flask-openapi-clean_architecture-sqlite-sqlalchemy,run_1,database_runtime_error,"The article listing endpoints crash at runtime with a NameError in ArticleRepository.get_articles due to referencing an undefined User model symbol during SQLAlchemy query construction, causing 500s when applying author/favorited filters."
mini_swe_sdk,minimax-m2.5,uv,flask-openapi-postgres,run_0,database_runtime_error,GET /api/articles crashes with an AttributeError because the ORM model layer is misconfigured: the code expects a User.favorites relationship that is not defined on the User SQLAlchemy model. This is a runtime ORM/model definition error that prevents the filtering logic from executing and yields 500s.
mini_swe_sdk,minimax-m2.5,uv,flask-openapi-postgres,run_2,incorrect_query_logic,"The Articles-by-Tag endpoint crashes because the SQLAlchemy filter uses ARRAY.contains() on the generic/base ARRAY type, which raises NotImplementedError instead of generating a valid PostgreSQL array containment predicate. Auth and routing work; the failure is specifically in the tag-filter query construction."
mini_swe_sdk,minimax-m2.5,uv,flask-openapi-clean_architecture-sqlite-sqlalchemy,run_2,incorrect_query_logic,"Only the filtered article listing fails: GET /api/articles returns 200, tag filtering returns 200, but adding author= or favorited= consistently triggers a 422, indicating the handler/repository applies incorrect validation or query construction for these specific filters (e.g., treating them as invalid types/fields) rather than an auth or runtime DB crash."
mini_swe_sdk,minimax-m2.5,uv,flask-openapi-postgres-sqlalchemy,run_2,database_runtime_error,"Article/tag filtering triggers a runtime NotImplementedError because the model uses SQLAlchemy’s generic ARRAY type, whose .contains() is not implemented; it should use the PostgreSQL dialect ARRAY (or a different schema). This DB/ORM API misuse causes 500s (including login cascades) and breaks core behaviors."
mini_swe_sdk,minimax-m2.5,uv,flask-openapi-postgres-sqlalchemy,run_0,database_runtime_error,"The Articles-by-Tag endpoint triggers a runtime NotImplementedError because the model/query uses SQLAlchemy’s base ARRAY type and calls ARRAY.contains(), which is unsupported unless using the PostgreSQL dialect-specific ARRAY type (or an alternative tag filtering strategy). This is an ORM API misuse causing a 500 rather than a spec-level logic mismatch."
mini_swe_sdk,minimax-m2.5,uv,flask-openapi-postgres-sqlalchemy,run_1,business_logic_defect,"The primary failure is an infinite recursion in the authentication decorator/get_current_user flow, causing RecursionError and 500s across endpoints. This is incorrect request-handling/auth logic (not a DB/runtime API misuse or query issue), and it prevents normal authenticated behavior from executing."
mini_swe_sdk,minimax-m2.5,node,fastify-openapi-clean_architecture-postgres-sequelize,run_2,framework_idiosyncrasy,"Fastify’s default JSON content-type parser rejects requests with Content-Type: application/json and an empty body (FST_ERR_CTP_EMPTY_JSON_BODY), but the RealWorld spec sends an empty body for POST /api/articles/:slug/favorite, causing 400s despite correct routing/auth."
mini_swe_sdk,minimax-m2.5,uv,django-openapi-clean_architecture-sqlite-sqlalchemy,run_0,framework_idiosyncrasy,"The primary failure is DRF/Django request object misuse: views/middleware are passing a rest_framework.request.Request into DRF initialization paths that require a django.http.HttpRequest, triggering AssertionError and causing widespread 500s. The 403s are secondary/cascading from the broken DRF request/auth integration."
mini_swe_sdk,minimax-m2.5,uv,flask-openapi-clean_architecture-sqlite,run_0,database_runtime_error,"All article listing endpoints 500 due to an AttributeError at runtime: ArticleService calls article_repo.get_db_connection(), but ArticleRepository does not implement that method. This is a broken repository/service wiring causing a server-side crash during DB access."
mini_swe_sdk,minimax-m2.5,uv,django-openapi-clean_architecture-sqlite-sqlalchemy,run_1,business_logic_defect,"The core 500s stem from a contract mismatch in request handling: views treat the authenticated/current user as an ORM/entity object (accessing user.id) but the auth/service layer returns a plain dict, causing AttributeError and breaking most endpoints. The 404 follow/unfollow routes are secondary URL wiring issues, but the primary upstream defect is the incorrect domain object shape expected by the views."
mini_swe_sdk,minimax-m2.5,node,koa-openapi-sqlite-sequelize,run_2,incorrect_query_logic,"Follow/unfollow endpoints crash because the Sequelize WHERE clause is built with a full model instance/object (e.g., a User record) instead of a primitive key (id/username), causing SQLiteQueryGenerator.escape to throw during query generation. Auth and routing work; the failure is in the follow relationship query construction."
mini_swe_sdk,minimax-m2.5,uv,fastapi-openapi-postgres,run_0,auth_misconfiguration,"Public GET endpoints like /api/articles and /api/articles/:slug/comments are incorrectly protected by an auth dependency (e.g., a global router/app dependency or APIKeyHeader configured with auto_error=True), causing 401s when no Authorization header is provided even though the spec requires anonymous access."
mini_swe_sdk,minimax-m2.5,uv,django-openapi-unconstrained,run_0,incorrect_query_logic,"The primary failure is the articles-by-tag filter using a JSONField `contains` lookup, which Django explicitly does not support on SQLite, causing 500s on `GET /api/articles?tag=...`. The missing follow/unfollow routes are additional wiring issues, but the upstream root cause driving the main failing behavior is the incorrect tag filtering query implementation for the chosen DB backend."
mini_swe_sdk,minimax-m2.5,uv,django-openapi-clean_architecture-sqlite,run_2,incorrect_query_logic,"The /api/articles?tag=... implementation uses a JSONField `contains` lookup for tag filtering, which is not supported on SQLite, causing a 500 NotSupportedError. This is an incorrect query/ORM lookup choice for the target database backend."
